{
    "items": [
        {
            "bobAmount": 0.30000001192092896,
            "bobSpeed": 3.0,
            "id": 4,
            "position": [
                -58.0,
                54.0,
                48.0
            ],
            "rotationSpeed": 2.0,
            "scale": 2.5
        },
        {
            "bobAmount": 0.30000001192092896,
            "bobSpeed": 3.0,
            "id": 3,
            "position": [
                -55.0,
                54.0,
                -20.0
            ],
            "rotationSpeed": 2.0,
            "scale": 2.5
        },
        {
            "bobAmount": 0.30000001192092896,
            "bobSpeed": 3.0,
            "id": 2,
            "position": [
                -55.0,
                14.0,
                -35.0
            ],
            "rotationSpeed": 2.0,
            "scale": 2.5
        },
        {
            "bobAmount": 0.30000001192092896,
            "bobSpeed": 3.0,
            "id": 1,
            "position": [
                45.0,
                54.0,
                -16.0
            ],
            "rotationSpeed": 2.0,
            "scale": 2.5
        }
    ]
}