{
    "ladders": [
        {
            "climbSpeed": 10.0,
            "halfExtents": [
                2.5,
                16.899999618530273,
                5.5
            ],
            "id": 2,
            "isEnabled": true,
            "name": "Ladder",
            "position": [
                -0.3368701934814453,
                32.0,
                52.0
            ],
            "topExitForwardOffset": 0.5,
            "topExitUpOffset": 0.10000000149011612
        },
        {
            "climbSpeed": 10.0,
            "halfExtents": [
                2.0,
                9.0,
                4.699999809265137
            ],
            "id": 1,
            "isEnabled": true,
            "name": "Ladder",
            "position": [
                -39.0,
                17.0,
                -54.0
            ],
            "topExitForwardOffset": 0.5,
            "topExitUpOffset": 0.10000000149011612
        }
    ]
}